body,sender,subject,class
"Congratulations, you have won a prize!","spam@domain.com","Win a prize!",spam
"Meeting tomorrow at 10 AM","boss@company.com","Meeting Reminder",ham
"URGENT: Your account has been suspended","security-alert@bank-verify.com","Account Suspension Notice",spam
"Please review the attached project proposal","colleague@company.com","Project Proposal Review",ham
"You've been selected for a free iPhone! Click here to claim","offers@winprizes.net","FREE iPhone - Claim Now!",spam
"The quarterly report is ready for your review","reports@company.com","Q3 Financial Report",ham
"Limited time offer: 90% discount on luxury watches","deals@amazingsales.biz","HUGE DISCOUNT - Limited Time",spam
"Reminder: Team lunch today at noon in the cafeteria","hr@company.com","Team Lunch Today",ham
"Your payment of $2500 is waiting for confirmation","payments@secure-money-transfer.info","Unclaimed Payment",spam
"Please submit your timesheet by end of day","manager@company.com","Timesheet Reminder",ham
"Hot singles in your area want to meet you tonight","dating@meet-local-singles.xyz","Singles Near You!",spam
"The client meeting has been rescheduled to Friday","assistant@company.com","Meeting Rescheduled",ham
"URGENT: Your inheritance of $5,000,000 is pending transfer","lawyer@overseas-trust.co","Your Inheritance",spam
"Don't forget to bring your laptop to the workshop","events@company.com","Workshop Tomorrow",ham
"Make $10,000 working from home with this simple trick","success@easy-money.club","Work From Home Opportunity",spam
"The server maintenance is scheduled for this weekend","it@company.com","Scheduled Maintenance",ham
"Your credit card has been charged $499 for premium membership","billing@subscription-services.net","Payment Confirmation",spam
"Please review and sign the attached contract","legal@company.com","Contract for Review",ham
"Enlarge your manhood with this miracle pill","health@natural-enhancements.store","Size Matters - Special Offer",spam
"Your vacation request has been approved","hr@company.com","Vacation Approval",ham
"WINNER! You've been selected in our monthly lottery","lottery@international-sweepstakes.org","Lottery Winner Announcement",spam
"The budget for next quarter needs your approval","finance@company.com","Budget Approval Needed",ham
"Buy cheap medications online - no prescription needed","pharmacy@discount-meds.site","Discount Medications",spam
"Your flight reservation has been confirmed","bookings@airline.com","Flight Confirmation",ham
"Increase your website traffic by 500% guaranteed","marketing@seo-experts.biz","Boost Your Website Traffic",spam
"The project timeline has been updated in the shared document","project-manager@company.com","Updated Project Timeline",ham
"Nigerian prince needs your help to transfer $10 million","prince@royal-family.ng","Urgent Business Proposal",spam
"Your password will expire in 3 days","it-security@company.com","Password Expiration Notice",ham
"Get rich quick with cryptocurrency - 1000% returns guaranteed","invest@crypto-millionaire.xyz","Crypto Investment Opportunity",spam
"The office will be closed on Monday for the holiday","office-admin@company.com","Office Closure Notice",ham
"LAST CHANCE: Claim your free gift card before it expires","rewards@customer-gifts.net","Your Gift Card Expires Today!",spam
"The interview candidates for the developer position are scheduled for next week","recruiting@company.com","Interview Schedule",ham
"Lose 20 pounds in 2 weeks with this amazing new diet pill","weightloss@miracle-diets.info","Rapid Weight Loss Solution",spam
"Please complete the mandatory compliance training by Friday","compliance@company.com","Mandatory Training Reminder",ham
"Your Netflix account will be suspended unless you update payment info","accounts@netflx-billing.com","Account Suspension Warning",spam
"The new company policy document is available on the intranet","policy@company.com","Updated Company Policies",ham
"BREAKING: This stock is set to explode 500% this week","insider@stock-tips.biz","Insider Stock Tip - BUY NOW",spam
"Your expense report has been approved","accounting@company.com","Expense Approval",ham
"Congratulations! You're our 1,000,000th visitor! Click to claim your prize","winner@lucky-visitor.site","You're Our Lucky Winner!",spam
"The client has requested changes to the proposal","sales@company.com","Client Feedback on Proposal",ham
"Unlock your ex's secrets with this mind-reading technique","relationships@love-guru.net","Win Your Ex Back Guaranteed",spam
"Your benefits enrollment period ends next week","benefits@company.com","Benefits Enrollment Deadline",ham
"ALERT: Suspicious activity detected on your Amazon account","security@amaz0n-secure.com","Security Alert - Action Required",spam
"The product demo is scheduled for Thursday at 2 PM","product@company.com","Product Demo Schedule",ham
"Double your income with this secret investment strategy","wealth@financial-freedom.club","Secret Wealth Strategy Revealed",spam
"Please update your emergency contact information","hr@company.com","Emergency Contact Update",ham
"URGENT: Your PayPal account has been limited","service@paypa1-secure.com","Account Limitation Notice",spam
"The team building event details have been finalized","events@company.com","Team Building Event Details",ham
"Meet beautiful Russian women who want to marry foreign men","dating@international-romance.ru","Find Your Russian Bride",spam
"Your performance review is scheduled for next Monday","manager@company.com","Performance Review Schedule",ham
"Earn $1000 daily with this automated trading system","forex@easy-trading.xyz","Automated Forex Trading System",spam
"The holiday schedule for next year has been published","hr@company.com","Holiday Schedule",ham
"BREAKING NEWS: This penny stock is about to skyrocket","stocks@investment-alerts.info","Penny Stock Alert - Buy Now",spam
"Please complete the customer satisfaction survey","feedback@company.com","Customer Satisfaction Survey",ham
"Unlock unlimited energy with this new supplement","health@vitality-boost.store","Revolutionary Energy Supplement",spam
"The project status meeting is postponed to Wednesday","project-manager@company.com","Meeting Postponement",ham
"Your Apple ID was used to sign in on a new device","security@apple-id-verify.com","Apple ID Security Alert",spam
"The quarterly sales figures are now available","sales@company.com","Q3 Sales Report",ham
"Congratulations! Your resume has been selected for a $90k job","careers@job-placement.biz","Job Opportunity - $90k",spam
"Please submit your travel preferences for the company retreat","travel@company.com","Company Retreat Planning",ham
"URGENT: Your bank account has been frozen due to suspicious activity","security@bank-secure-alert.com","Bank Account Frozen",spam
"The office WiFi password will be changed tomorrow","it@company.com","WiFi Password Change",ham
"Improve your credit score by 200 points in 2 weeks","credit@score-repair.site","Credit Score Improvement",spam
"Your request for new equipment has been approved","procurement@company.com","Equipment Request Approved",ham
"Congratulations! You've qualified for a $5000 loan with no credit check","loans@easy-approval.loan","Pre-Approved Loan Offer",spam
"The fire drill procedure has been updated","safety@company.com","Updated Safety Procedures",ham
"FINAL NOTICE: Your vehicle warranty is about to expire","warranty@auto-protection.services","Vehicle Warranty Expiration",spam
"Please review the attached meeting minutes","secretary@company.com","Meeting Minutes for Review",ham